{"cameraMode":{"drawMode":0,"name":"Shaded","section":"Shading Mode"},"sceneLighting":false,"audioPlay":false,"sceneViewState":{"showFog":true,"showMaterialUpdate":true,"showSkybox":false,"showFlares":true,"showImageEffects":true,"showParticleSystems":true},"in2DMode":false,"pivot":{"x":1.7000000476837159,"y":0.0,"z":100.0999984741211},"rotation":{"x":0.3602590262889862,"y":-0.30988195538520815,"z":0.12824814021587373,"w":0.8704820871353149},"size":2.770799398422241,"orthographic":false}