{"cameraMode":{"drawMode":0,"name":"Shaded","section":"Shading Mode"},"sceneLighting":false,"audioPlay":false,"sceneViewState":{"showFog":true,"showMaterialUpdate":true,"showSkybox":false,"showFlares":true,"showImageEffects":true,"showParticleSystems":true},"in2DMode":false,"pivot":{"x":0.7847433090209961,"y":-0.5848417282104492,"z":154.99844360351563},"rotation":{"x":0.2524746358394623,"y":-0.6681561470031738,"z":0.25954002141952517,"w":0.6499714851379395},"size":2.3076553344726564,"orthographic":false}