{"cameraMode":{"drawMode":0,"name":"Shaded","section":"Shading Mode"},"sceneLighting":false,"audioPlay":false,"sceneViewState":{"showFog":true,"showMaterialUpdate":true,"showSkybox":false,"showFlares":true,"showImageEffects":true,"showParticleSystems":true},"in2DMode":false,"pivot":{"x":1.0710525512695313,"y":0.19616270065307618,"z":-1.6450269222259522},"rotation":{"x":-0.3006201386451721,"y":-0.6181279420852661,"z":0.27670514583587649,"w":-0.6715502142906189},"size":8.19750690460205,"orthographic":false}