{"cameraMode":{"drawMode":0,"name":"Shaded","section":"Shading Mode"},"sceneLighting":false,"audioPlay":false,"sceneViewState":{"showFog":true,"showMaterialUpdate":true,"showSkybox":false,"showFlares":true,"showImageEffects":true,"showParticleSystems":true},"in2DMode":false,"pivot":{"x":0.9599149227142334,"y":0.03345756232738495,"z":-4.589597225189209},"rotation":{"x":0.2524746358394623,"y":-0.6681561470031738,"z":0.25954002141952517,"w":0.6499714851379395},"size":1.738364577293396,"orthographic":false}