{"cameraMode":{"drawMode":0,"name":"Shaded","section":"Shading Mode"},"sceneLighting":false,"audioPlay":false,"sceneViewState":{"showFog":true,"showMaterialUpdate":true,"showSkybox":false,"showFlares":true,"showImageEffects":true,"showParticleSystems":true},"in2DMode":false,"pivot":{"x":3.8907346725463869,"y":-3.3828837871551515,"z":4.972832679748535},"rotation":{"x":0.2308545857667923,"y":0.3022065758705139,"z":-0.07568643242120743,"w":0.9217640161514282},"size":7.988260269165039,"orthographic":false}