{"cameraMode":{"drawMode":0,"name":"Shaded","section":"Shading Mode"},"sceneLighting":false,"audioPlay":false,"sceneViewState":{"showFog":true,"showMaterialUpdate":true,"showSkybox":false,"showFlares":true,"showImageEffects":true,"showParticleSystems":true},"in2DMode":false,"pivot":{"x":0.0,"y":7.567804336547852,"z":-0.000004291534423828125},"rotation":{"x":0.2751731872558594,"y":0.1292959749698639,"z":-0.03737533092498779,"w":0.9519271850585938},"size":53.57614517211914,"orthographic":false}