{"cameraMode":{"drawMode":0,"name":"Shaded","section":"Shading Mode"},"sceneLighting":false,"audioPlay":false,"sceneViewState":{"showFog":true,"showMaterialUpdate":true,"showSkybox":true,"showFlares":true,"showImageEffects":true,"showParticleSystems":true},"in2DMode":false,"pivot":{"x":-0.11117734014987946,"y":0.004680365324020386,"z":0.01248159259557724},"rotation":{"x":0.5894557237625122,"y":0.030274076387286187,"z":-0.022114958614110948,"w":0.8069301843643189},"size":21.626054763793947,"orthographic":false}