{"cameraMode":{"drawMode":0,"name":"Shaded","section":"Shading Mode"},"sceneLighting":false,"audioPlay":false,"sceneViewState":{"showFog":true,"showMaterialUpdate":true,"showSkybox":false,"showFlares":true,"showImageEffects":true,"showParticleSystems":true},"in2DMode":false,"pivot":{"x":-22.100000381469728,"y":0.030000001192092897,"z":11.630000114440918},"rotation":{"x":-0.6622983813285828,"y":-0.04374682158231735,"z":0.03878871351480484,"w":-0.7469555139541626},"size":0.5775707960128784,"orthographic":false}