{"cameraMode":{"drawMode":0,"name":"Shaded","section":"Shading Mode"},"sceneLighting":false,"audioPlay":false,"sceneViewState":{"showFog":true,"showMaterialUpdate":true,"showSkybox":false,"showFlares":true,"showImageEffects":true,"showParticleSystems":true},"in2DMode":false,"pivot":{"x":-2.384185791015625e-7,"y":0.18923360109329225,"z":0.6801244616508484},"rotation":{"x":-0.11300047487020493,"y":0.0521378368139267,"z":-0.0059380256570875649,"w":-0.9922083020210266},"size":9.595714569091797,"orthographic":false}